Book Id,Title,Author,Author l-f,Additional Authors,ISBN,ISBN13,My Rating,Average Rating,Publisher,Binding,Number of Pages,Year Published,Original Publication Year,Date Read,Date Added,Bookshelves,Bookshelves with positions,Exclusive Shelf,My Review,Spoiler,Private Notes,Read Count,Owned Copies
21611,"The Forever War (The Forever War, #1)",Joe Haldeman,"Haldeman, Joe",,"=""""","=""""",0,4.14,Voyager,Paperback,278,2003,1974,,2025/01/15,to-read,to-read (#86),to-read,,,,0,0
334176,"The Sparrow (The Sparrow, #1)",Mary Doria Russell,"Russell, Mary Doria",,"=""0449912558""","=""9780449912553""",0,4.14,Ballantine Books,Paperback,419,1997,1996,,2025/01/03,to-read,to-read (#85),to-read,,,,0,0
49090884,Tender Is the Flesh,Agustina Bazterrica,"Bazterrica, Agustina",Sarah Moses,"=""1982150920""","=""9781982150921""",0,3.78,Scribner,Paperback,209,2020,2017,,2025/01/03,to-read,to-read (#84),to-read,,,,0,0
53285047,Bunny,Mona Awad,"Awad, Mona",,"=""0525559752""","=""9780525559757""",0,3.49,Penguin Books,Paperback,305,2020,2019,,2025/01/03,to-read,to-read (#83),to-read,,,,0,0
123063,Under the Skin,Michel Faber,"Faber, Michel",,"=""1841954802""","=""9781841954806""",3,3.75,Canongate Books Ltd,Paperback,296,2004,2000,,2020/07/01,,,read,,,,1,0
15839976,"Red Rising (Red Rising Saga, #1)",Pierce Brown,"Brown, Pierce",,"=""""","=""""",4,4.27,Del Rey,Hardcover,382,2014,2014,2023/05/20,2021/09/09,,,read,,,,1,0
41804,"I, Robot (Robot, #0.1)",Isaac Asimov,"Asimov, Isaac",,"=""0553803700""","=""9780553803709""",4,4.21,Bantam Books,Hardcover,224,2004,1950,,2022/12/05,,,read,,,,1,0
25499718,"Children of Time (Children of Time, #1)",Adrian Tchaikovsky,"Tchaikovsky, Adrian",,"=""1447273281""","=""9781447273288""",0,4.30,PanMacmillan,Hardcover,608,2015,2015,,2022/12/06,to-read,to-read (#82),to-read,,,,0,0
17934530,"Annihilation (Southern Reach, #1)",Jeff VanderMeer,"VanderMeer, Jeff",,"=""0374104093""","=""9780374104092""",3,3.78,"Farrar, Straus and Giroux",Paperback,195,2014,2014,,2022/06/28,,,read,,,,1,0
99245,Nightfall,Isaac Asimov,"Asimov, Isaac",Robert Silverberg,"=""0553290991""","=""9780553290998""",4,4.06,Bantam Books,Mass Market Paperback,339,2012,1990,,2021/07/08,,,read,,,,1,0
34942296,"Computer Science Principles: The Foundational Concepts of Computer Science - For AP® Computer Science Principles, 1st Edition",Kevin  Hare,"Hare, Kevin",,"=""""","=""""",0,3.90,Kevin P. Hare,Kindle Edition,0,2017,,,2021/01/19,to-read,to-read (#45),to-read,,,,0,0
9799221,Soylent Green,Harry Harrison,"Harrison, Harry",,"=""""","=""""",0,3.71,,Mass Market Paperback,224,1973,1966,,2022/05/23,to-read,to-read (#81),to-read,,,,0,0
2767,A People’s History of the United States: 1492 - Present,Howard Zinn,"Zinn, Howard",,"=""0060838655""","=""9780060838652""",4,4.08,Harper Perennial,Paperback,729,1995,1980,,2020/03/12,,,read,,,,1,0
150062,Database Design for Mere Mortals: A Hands-On Guide to Relational Database Design,Michael J. Hernandez,"Hernandez, Michael J.",,"=""0201752840""","=""0785342752847""",0,3.92,Addison-Wesley Professional,Paperback,611,2003,1996,,2021/12/17,to-read,to-read (#80),to-read,,,,0,0
3735293,Clean Code: A Handbook of Agile Software Craftsmanship,Robert C. Martin,"Martin, Robert C.",,"=""0132350882""","=""9780132350884""",0,4.37,Pearson,Paperback,464,2008,2007,,2021/12/17,to-read,to-read (#79),to-read,,,,0,0
4845,Code Complete: A Practical Handbook of Software Construction,Steve McConnell,"McConnell, Steve",,"=""0735619670""","=""9780735619678""",0,4.30,Microsoft Press,Paperback,914,2004,1993,,2021/12/17,to-read,to-read (#78),to-read,,,,0,0
5129,Brave New World,Aldous Huxley,"Huxley, Aldous",,"=""0060929871""","=""9780060929879""",5,3.99,HarperPerennial / Perennial Classics,Paperback,268,1998,1932,2021/12/17,2020/03/12,,,read,,,,1,0
10900047,Midnight Rising: John Brown and the Raid That Sparked the Civil War,Tony Horwitz,"Horwitz, Tony",,"=""080509153X""","=""9780805091533""",4,4.00,Henry Holt and Co.,Hardcover,384,2011,2011,2021/12/17,2021/08/21,,,read,,,,1,0
10644930,11/22/63,Stephen        King,"King, Stephen",,"=""1451627289""","=""9781451627282""",0,4.34,Scribner,Hardcover,849,2011,2011,,2021/09/02,to-read,to-read (#77),to-read,,,,0,0
667,Anthem,Ayn Rand,"Rand, Ayn",Leonard Peikoff,"=""0452281253""","=""9780452281257""",0,3.61,NAL,Paperback,105,1999,1938,,2021/08/30,to-read,to-read (#76),to-read,,,,0,0
11371,It Can't Happen Here,Sinclair Lewis,"Lewis, Sinclair",,"=""045121658X""","=""9780451216588""",0,3.79,Berkley,Paperback,400,2005,1935,,2021/08/30,to-read,to-read (#75),to-read,,,,0,0
76171,We,Yevgeny Zamyatin,"Zamyatin, Yevgeny",Clarence Brown,"=""0140185852""","=""9780140185850""",0,3.88,Penguin Books,Paperback,256,1993,1924,,2021/08/30,to-read,to-read (#74),to-read,,,,0,0
475,Collapse: How Societies Choose to Fail or Succeed,Jared Diamond,"Diamond, Jared",,"=""0143036556""","=""9780143036555""",0,3.93,Penguin Books Ltd. (London),Paperback,608,2005,2004,,2021/01/22,to-read,to-read (#73),to-read,,,,0,0
7733,Gulliver’s Travels,Jonathan Swift,"Swift, Jonathan","Louis Rhead, William Dean Howells, Robert DeMaria Jr., Joshua Shelton","=""0141439491""","=""9780141439495""",0,3.59,Penguin,Paperback,306,2017,1726,2021/08/21,2020/03/12,,,read,,,,1,0
1202,Freakonomics: A Rogue Economist Explores the Hidden Side of Everything,Steven D. Levitt,"Levitt, Steven D.",Stephen J. Dubner,"=""0061234001""","=""9780061234002""",0,4.01,William Morrow,Hardcover,268,2006,2005,,2021/08/18,to-read,to-read (#72),to-read,,,,0,0
1842,"Guns, Germs, and Steel: The Fates of Human Societies",Jared Diamond,"Diamond, Jared",,"=""0739467352""","=""9780739467350""",0,4.04,W.W. Norton & Company,Paperback,498,2005,1997,,2021/08/10,to-read,to-read (#71),to-read,,,,0,0
77566,"Hyperion (Hyperion Cantos, #1)",Dan Simmons,"Simmons, Dan",,"=""0553283685""","=""9780553283686""",0,4.27,Bantam Doubleday Dell Publishing Group,Mass Market Paperback,500,1990,1989,,2021/08/08,to-read,to-read (#70),to-read,,,,0,0
44767458,"Dune (Dune, #1)",Frank Herbert,"Herbert, Frank",,"=""""","=""""",0,4.28,Ace,Hardcover,658,2019,1965,2021/08/07,2020/03/12,,,read,,,,1,0
27323,Hiroshima,John Hersey,"Hersey, John",,"=""0679721037""","=""9780679721031""",4,4.04,Vintage,Mass Market Paperback,152,1989,1946,2021/07/23,2020/12/15,,,read,,,,1,0
40672036,Digital Minimalism: Choosing a Focused Life in a Noisy World,Cal Newport,"Newport, Cal",,"=""052553654X""","=""""",4,4.06,Portfolio,Kindle Edition,302,2019,2019,,2021/01/22,,,read,,,,1,0
13130963,Seven Databases in Seven Weeks: A Guide to Modern Databases and the NoSQL Movement,Eric     Redmond,"Redmond, Eric",Jim R. Wilson,"=""1934356921""","=""9781934356920""",0,4.01,Pragmatic Bookshelf,Paperback,354,2012,2012,,2021/06/15,to-read,to-read (#69),to-read,,,,0,0
17184,The Invisible Man,H.G. Wells,"Wells, H.G.","Daniel Philpott, Дмитро Паламарчук, Микола Іванов, Герберт Велз","=""0451528522""","=""9780451528520""",3,3.63,New American Library/Penguin Books,Mass Market Paperback,192,2002,1897,2021/06/26,2021/06/21,,,read,,,,1,0
6219656,The Lottery,Shirley Jackson,"Jackson, Shirley",,"=""1563127873""","=""9781563127878""",4,4.05,Perfection Learning,Paperback,30,1990,1948,2021/06/26,2020/03/12,,,read,,,,1,0
2493,The Time Machine,H.G. Wells,"Wells, H.G.","Greg Bear, Carlo Pagetti","=""""","=""""",5,3.90,Signet Classics,Paperback,118,2002,1895,2021/06/21,2020/03/12,,,read,,,,1,0
51496,Dr. Jekyll and Mr. Hyde,Robert Louis Stevenson,"Stevenson, Robert Louis","Vladimir Nabokov, Dan Chaon, Jerome Charyn, Simon Vestdijk","=""0451528956""","=""9780451528957""",5,3.83,Signet Classic,Mass Market Paperback,139,2003,1886,2021/06/15,2020/03/12,,,read,,,,1,0
216363,The Man in the High Castle,Philip K. Dick,"Dick, Philip K.",,"=""0679740678""","=""9780679740674""",3,3.60,Vintage,Paperback,259,1992,1962,2021/06/14,2020/03/12,,,read,,,,1,0
25666050,Algorithms to Live By: The Computer Science of Human Decisions,Brian Christian,"Christian, Brian",Tom  Griffiths,"=""1627790365""","=""9781627790369""",0,4.13,Henry Holt and Co.,Hardcover,368,2016,2016,,2021/01/19,to-read,to-read (#68),to-read,,,,0,0
40651883,Snow Crash,Neal Stephenson,"Stephenson, Neal",,"=""""","=""""",0,4.02,Spectra,Kindle Edition,559,2018,1992,,2021/03/25,to-read,to-read (#67),to-read,,,,0,0
16299,And Then There Were None,Agatha Christie,"Christie, Agatha",,"=""0312330871""","=""9780312330873""",0,4.28,St. Martin's Griffin,Paperback,264,2004,1939,,2020/07/03,to-read,to-read (#66),to-read,,,,0,0
11989,The Plague,Albert Camus,"Camus, Albert",Stuart Gilbert,"=""""","=""""",4,4.02,Vintage International,Paperback,308,1991,1947,,2021/03/07,,,read,,,,1,0
44882,Code: The Hidden Language of Computer Hardware and Software,Charles Petzold,"Petzold, Charles",,"=""0735611319""","=""9780735611313""",4,4.39,Microsoft Press,Paperback,396,2000,1999,,2021/01/19,,,read,,,,1,0
6088007,"Neuromancer (Sprawl, #1)",William Gibson,"Gibson, William",,"=""110114646X""","=""9781101146460""",4,3.89,Ace,Kindle Edition,288,2007,1984,2021/05/16,2021/01/01,,,read,,,,1,0
19691,"The Hunt for Red October (Jack Ryan, #3)",Tom Clancy,"Clancy, Tom",,"=""0425172902""","=""9780425172902""",0,4.11,Berkley Trade,Mass Market Paperback,432,1999,1984,,2021/04/27,to-read,to-read (#65),to-read,,,,0,0
40445,"Altered Carbon (Takeshi Kovacs, #1)",Richard K. Morgan,"Morgan, Richard K.",,"=""0345457692""","=""9780345457691""",0,4.04,Del Rey / Ballantine Books,Mass Market Paperback,526,2006,2002,,2021/04/01,to-read,to-read (#64),to-read,,,,0,0
9969571,"Ready Player One (Ready Player One, #1)",Ernest Cline,"Cline, Ernest",,"=""030788743X""","=""9780307887436""",0,4.23,Crown Publishers,Hardcover,480,2011,2011,,2021/04/01,to-read,to-read (#63),to-read,,,,0,0
8275612,None of Us Were Like This Before: American Soldiers and Torture,Joshua E.S. Phillips,"Phillips, Joshua E.S.",,"=""1844675998""","=""9781844675999""",4,4.12,Verso,Hardcover,256,2010,2010,,2020/12/15,,,read,,,,1,0
16101128,"The 5th Wave (The 5th Wave, #1)",Rick Yancey,"Yancey, Rick",,"=""0399162410""","=""9780399162411""",3,4.01,G.P. Putnam's Sons Books for Young Readers,Hardcover,457,2013,2013,,2021/03/23,,,read,,,,1,0
355697,All Quiet on the Western Front,Erich Maria Remarque,"Remarque, Erich Maria",Arthur Wesley Wheen,"=""0449213943""","=""9780449213940""",5,4.09,Ballantine Books,Mass Market Paperback,296,1987,1928,2021/03/14,2020/12/01,,,read,,,,1,0
310612,A Confederacy of Dunces,John Kennedy Toole,"Toole, John Kennedy",Walker Percy,"=""0802130208""","=""9780802130204""",5,3.89,Grove Weidenfeld,Paperback,394,1994,1980,2021/03/08,2020/07/03,,,read,,,,1,0
830,Snow Crash,Neal Stephenson,"Stephenson, Neal",,"=""0553380958""","=""9780553380958""",0,4.02,Bantam Books,Paperback,438,2000,1992,,2021/03/04,to-read,to-read (#62),to-read,,,,0,0
18007564,The Martian,Andy Weir,"Weir, Andy",,"=""0804139024""","=""9780804139021""",0,4.42,Ballantine Books,Hardcover,384,2014,2011,,2021/02/17,to-read,to-read (#61),to-read,,,,0,0
42283862,Cult of the Dead Cow: How the Original Hacking Supergroup Might Just Save the World,Joseph Menn,"Menn, Joseph",,"=""154176238X""","=""9781541762381""",0,3.74,PublicAffairs,Hardcover,256,2019,2019,,2020/12/29,to-read,to-read (#60),to-read,,,,0,0
647492,Ordinary Men: Reserve Police Battalion 101 and the Final Solution in Poland,Christopher R. Browning,"Browning, Christopher R.",,"=""0060995068""","=""9780060995065""",5,4.11,Harper Perennial,Paperback,271,1998,1992,2021/02/12,2020/12/21,,,read,,,,1,0
14743,The God Delusion,Richard Dawkins,"Dawkins, Richard",,"=""0618680004""","=""9780618680009""",0,3.90,Houghton Mifflin Co.,Hardcover,374,2006,2006,,2021/02/10,to-read,to-read (#59),to-read,,,,0,0
17349,The Demon-Haunted World: Science as a Candle in the Dark,Carl Sagan,"Sagan, Carl",Ann Druyan,"=""0345409469""","=""9780345409461""",0,4.29,Ballantine Books,Paperback,459,1997,1995,,2021/02/10,to-read,to-read (#58),to-read,,,,0,0
30363785,The Art of Invisibility: The World's Most Famous Hacker Teaches You How to Be Safe in the Age of Big Brother and Big Data,Kevin D. Mitnick,"Mitnick, Kevin D.",Robert Vamosi,"=""0316380504""","=""9780316380508""",5,3.97,"Little, Brown and Company",Hardcover,320,2017,2017,2021/02/03,2020/12/29,,,read,,,,1,0
23316526,"The Second Machine Age: Work, Progress, and Prosperity in a Time of Brilliant Technologies",Erik Brynjolfsson,"Brynjolfsson, Erik",Andrew McAfee,"=""0393350649""","=""9780393350647""",4,3.91,W. W. Norton & Company,Paperback,336,2016,2014,2021/01/28,2021/01/22,,,read,,,,1,0
56829,Hackers: Heroes of the Computer Revolution,Steven Levy,"Levy, Steven",,"=""0141000511""","=""9780141000510""",0,4.16,Penguin Books,Paperback,464,2001,1984,,2021/01/25,to-read,to-read (#57),to-read,,,,0,0
21856367,"The Innovators: How a Group of Hackers, Geniuses and Geeks Created the Digital Revolution",Walter Isaacson,"Isaacson, Walter",,"=""147670869X""","=""9781476708690""",0,4.12,Simon and Schuster,Hardcover,542,2014,2011,,2021/01/25,to-read,to-read (#56),to-read,,,,0,0
78127,On Killing: The Psychological Cost of Learning to Kill in War and Society,Dave Grossman,"Grossman, Dave",,"=""0316191442""","=""9780316191449""",0,4.12,Back Bay Books,Paperback,367,2003,1995,,2021/01/24,to-read,to-read (#55),to-read,,,,0,0
36402034,Do Androids Dream of Electric Sheep?,Philip K. Dick,"Dick, Philip K.",,"=""""","=""""",4,4.09,Ballantine Books,Kindle Edition,258,2008,1968,2021/01/24,2020/03/12,,,read,,,,1,0
49176,Games People Play,Eric Berne,"Berne, Eric",,"=""0345032799""","=""9780345032799""",4,3.74,Penguin,Mass Market Paperback,192,1964,1964,2021/01/24,2021/01/20,,,read,,,,1,0
8201080,The Master Switch: The Rise and Fall of Information Empires,Tim Wu,"Wu, Tim",,"=""0307269930""","=""9780307269935""",0,3.89,Knopf,Hardcover,384,2010,2010,,2021/01/22,to-read,to-read (#54),to-read,,,,0,0
7954936,What Technology Wants,Kevin Kelly,"Kelly, Kevin",,"=""0670022152""","=""9780670022151""",0,3.73,Viking,Hardcover,416,2010,2010,,2021/01/22,to-read,to-read (#53),to-read,,,,0,0
26195941,The Age of Surveillance Capitalism: The Fight for a Human Future at the New Frontier of Power,Shoshana Zuboff,"Zuboff, Shoshana",,"=""1610395697""","=""9781610395694""",0,4.06,PublicAffairs,Hardcover,691,2019,2018,,2021/01/22,to-read,to-read (#52),to-read,,,,0,0
21,A Short History of Nearly Everything,Bill Bryson,"Bryson, Bill",,"=""076790818X""","=""9780767908184""",0,4.22,Crown,Paperback,544,2004,2003,,2021/01/22,to-read,to-read (#51),to-read,,,,0,0
61539,The Structure of Scientific Revolutions,Thomas S. Kuhn,"Kuhn, Thomas S.",,"=""0226458083""","=""9780226458083""",0,4.04,University of Chicago Press,Paperback,226,1996,1962,,2021/01/22,to-read,to-read (#50),to-read,,,,0,0
1662160,Your Inner Fish: a Journey into the 3.5-Billion-Year History of the Human Body,Neil Shubin,"Shubin, Neil",,"=""0375424474""","=""9780375424472""",0,4.03,Pantheon,Hardcover,229,2008,2008,,2021/01/22,to-read,to-read (#49),to-read,,,,0,0
9778945,The Shallows: What the Internet Is Doing to Our Brains,Nicholas Carr,"Carr, Nicholas",,"=""0393339750""","=""9780393339758""",0,3.89,W. W. Norton & Company,Paperback,280,2011,2010,,2021/01/21,to-read,to-read (#48),to-read,,,,0,0
22590,Ubik,Philip K. Dick,"Dick, Philip K.",,"=""8498000831""","=""9788498000832""",0,4.11,La factoría de ideas,Paperback,288,2004,1969,,2021/01/20,to-read,to-read (#47),to-read,,,,0,0
34189798,Computer Science Distilled: Learn the Art of Solving Computational Problems,Wladston Ferreira Filho,"Filho, Wladston Ferreira",Raimondo Pictet,"=""0997316004""","=""9780997316001""",0,4.07,Code Energy LLC ,Hardcover,,2017,2017,,2021/01/19,to-read,to-read (#46),to-read,,,,0,0
4099,The Pragmatic Programmer: From Journeyman to Master,Dave         Thomas,"Thomas, Dave","Andy   Hunt, Ward Cunningham","=""020161622X""","=""9780201616224""",0,4.33,Addison-Wesley Professional,Paperback,321,1999,1999,,2021/01/19,to-read,to-read (#44),to-read,,,,0,0
49591631,Game Theory for Security and Risk Management: From Theory to Practice (Static & Dynamic Game Theory: Foundations & Applications),Stefan Rass,"Rass, Stefan",Stefan Schauer,"=""3319752685""","=""9783319752686""",0,0.0,Birkhäuser,Kindle Edition,418,2018,,,2021/01/19,to-read,to-read (#43),to-read,,,,0,0
486319,Iacocca: An Autobiography,Lee Iacocca,"Iacocca, Lee",William Novak,"=""0553251473""","=""9780553251470""",0,3.98,Bantam,Mass Market Paperback,366,1986,1984,,2021/01/01,to-read,to-read (#42),to-read,,,,0,0
1617,"Night  (The Night Trilogy, #1)",Elie Wiesel,"Wiesel, Elie","Marion Wiesel, François Mauriac","=""0374500010""","=""9780374500016""",0,4.38,Hill & Wang,Paperback,120,2006,1956,,2020/03/12,,,read,,,,1,0
12746081,A Bug Hunter's Diary: A Guided Tour Through the Wilds of Software Security,Tobias Klein,"Klein, Tobias",,"=""1593273851""","=""9781593273859""",0,3.92,No Starch Press,Paperback,200,2011,2011,,2020/12/29,to-read,to-read (#41),to-read,,,,0,0
43786254,Tribe of Hackers: Cybersecurity Advice from the Best Hackers in the World,Marcus J. Carey,"Carey, Marcus J.",Jennifer Jin,"=""1793464189""","=""9781793464187""",0,3.88,Independently published,Paperback,412,2019,2019,,2020/12/29,to-read,to-read (#40),to-read,,,,0,0
18160,The Art of Deception: Controlling the Human Element of Security,Kevin D. Mitnick,"Mitnick, Kevin D.","William   L.    Simon, Steve Wozniak","=""076454280X""","=""9780764542800""",0,3.76,Wiley,Paperback,352,2003,2001,,2020/12/29,to-read,to-read (#38),to-read,,,,0,0
38447,"The Handmaid’s Tale (The Handmaid's Tale, #1)",Margaret Atwood,"Atwood, Margaret",,"=""038549081X""","=""9780385490818""",0,4.14,Anchor Books,Paperback,311,1998,1985,,2020/07/03,,,read,,,,1,0
54111936,War: How Conflict Shaped Us,Margaret MacMillan,"MacMillan, Margaret",,"=""1984856146""","=""9781984856142""",0,3.57,Random House,ebook,304,2020,2020,2020/12/29,2020/12/21,,,read,,,,1,0
6288,The Road,Cormac McCarthy,"McCarthy, Cormac",,"=""0307265439""","=""9780307265432""",4,3.99,Alfred A. Knopf,Hardcover,241,2006,2006,2020/12/22,2020/03/12,,,read,,,,1,0
18465875,Countdown to Zero Day: Stuxnet and the Launch of the World's First Digital Weapon,Kim Zetter,"Zetter, Kim",,"=""077043617X""","=""9780770436179""",0,4.17,Crown,Hardcover,406,2014,2014,,2020/12/21,to-read,to-read (#37),to-read,,,,0,0
1237300,The Shock Doctrine: The Rise of Disaster Capitalism,Naomi Klein,"Klein, Naomi",,"=""0805079831""","=""9780805079838""",0,4.28,Metropolitan Books,Hardcover,558,2007,2007,,2020/12/15,to-read,to-read (#36),to-read,,,,0,0
296662,Lies My Teacher Told Me: Everything Your American History Textbook Got Wrong,James W. Loewen,"Loewen, James W.",,"=""0684818868""","=""9780684818863""",0,3.97,"Touchstone Books/Simon & Schuster, Inc.",Paperback,383,1996,1995,,2020/12/15,to-read,to-read (#35),to-read,,,,0,0
76401,Bury My Heart at Wounded Knee: An Indian History of the American West,Dee Brown,"Brown, Dee",,"=""0805066691""","=""9780805066692""",0,4.25,"Henry Holt and Company, LLC",Paperback,509,2001,1970,,2020/12/15,to-read,to-read (#34),to-read,,,,0,0
34490192,Soonish: Ten Emerging Technologies That'll Improve and/or Ruin Everything,Kelly Weinersmith,"Weinersmith, Kelly",Zach Weinersmith,"=""0399563822""","=""9780399563829""",4,3.94,Penguin Press,Hardcover,368,2017,2017,2020/12/15,2020/11/23,,,read,,,,1,0
1430688,Drink: A Cultural History of Alcohol,Iain Gately,"Gately, Iain",,"=""1592403034""","=""9781592403035""",0,3.85,Gotham,Hardcover,560,2008,2008,,2020/12/10,to-read,to-read (#33),to-read,,,,0,0
51606,Johnny Got His Gun,Dalton Trumbo,"Trumbo, Dalton",Ron Kovic,"=""0806512814""","=""9780806512815""",0,4.20,Citadel,Paperback,309,1998,1939,,2020/12/01,to-read,to-read (#32),to-read,,,,0,0
13496,"A Game of Thrones (A Song of Ice and Fire, #1)",George R.R. Martin,"Martin, George R.R.",,"=""0553588486""","=""9780553588484""",0,4.44,Bantam,Mass Market Paperback,835,2005,1996,,2020/07/03,,,read,,,,1,0
39401909,The AI Delusion,Gary Smith,"Smith, Gary",,"=""0198824300""","=""9780198824305""",3,3.65,Oxford University Press,Hardcover,256,2018,,,2020/11/23,,,read,,,,1,0
17162,"The Chocolate War (Chocolate War, #1)",Robert Cormier,"Cormier, Robert",,"=""0375829873""","=""9780375829871""",2,3.49,Ember,Paperback,267,2004,1974,,2020/07/14,,,read,,,,1,0
49552,The Stranger,Albert Camus,"Camus, Albert",Matthew  Ward,"=""""","=""""",4,4.03,Vintage International,Paperback,123,1989,1942,,2020/03/12,,,read,,,,1,0
36236124,Fight Club,Chuck Palahniuk,"Palahniuk, Chuck",,"=""0393355942""","=""9780393355949""",5,4.18,W. W. Norton & Company,Paperback,224,2018,1996,2020/07/06,2020/07/03,,,read,,,,1,0
40940649,I Am Legend,Richard Matheson,"Matheson, Richard",,"=""0795315635""","=""9780795315633""",0,4.06, RosettaBooks ,Kindle Edition,162,2011,1954,,2020/07/01,,,read,,,,2,0
415459,I Have No Mouth & I Must Scream,Harlan Ellison,"Ellison, Harlan",Theodore Sturgeon,"=""0441363954""","=""9780441363957""",5,3.89,Ace,Mass Market Paperback,134,1967,1967,,2020/03/12,,,read,,,,1,0
50,"Hatchet (Brian's Saga, #1)",Gary Paulsen,"Paulsen, Gary",,"=""0689840926""","=""9780689840920""",4,3.78,Atheneum Books for Young Readers: Richard Jackson Books,Hardcover,208,2000,1987,,2020/07/03,,,read,,,,1,0
6656,The Divine Comedy: Inferno - Purgatorio - Paradiso,Dante Alighieri,"Alighieri, Dante","Allen Mandelbaum, Eugenio Montale, Peter Armour, Sandro Botticelli","=""0679433139""","=""9780679433132""",0,4.08,Everyman's Library,Hardcover,798,1995,1320,,2020/07/03,to-read,to-read (#31),to-read,,,,0,0
30165203,American Gods,Neil Gaiman,"Gaiman, Neil",,"=""""","=""""",0,4.11,William Morrow,Kindle Edition,635,2011,2001,,2020/07/03,to-read,to-read (#30),to-read,,,,0,0
4934,The Brothers Karamazov,Fyodor Dostoevsky,"Dostoevsky, Fyodor","Richard Pevear, Larissa Volokhonsky","=""0374528373""","=""9780374528379""",0,4.38,"Farrar, Straus and Giroux",Paperback,796,2002,1880,,2020/07/03,to-read,to-read (#29),to-read,,,,0,0
3590,"The Adventures of Sherlock Holmes (Sherlock Holmes, #3)",Arthur Conan Doyle,"Doyle, Arthur Conan",,"=""""","=""""",0,4.30,Oxford University Press,Paperback,389,1998,1892,,2020/07/03,to-read,to-read (#28),to-read,,,,0,0
1953,A Tale of Two Cities,Charles Dickens,"Dickens, Charles",Richard Maxwell,"=""0141439602""","=""9780141439600""",0,3.87,Penguin Books,Paperback,489,2003,1859,,2020/07/03,to-read,to-read (#27),to-read,,,,0,0
2956,The Adventures of Huckleberry Finn,Mark Twain,"Twain, Mark","Guy Cardwell, E.W. Kemble, John Seelye, Walter Trier, Tom Wilson, William Little Hughes","=""0142437174""","=""9780142437179""",0,3.83,Penguin Classics,Paperback,327,2002,1884,,2020/07/03,to-read,to-read (#26),to-read,,,,0,0
128029,A Thousand Splendid Suns,Khaled Hosseini,"Hosseini, Khaled",,"=""1594489505""","=""9781594489501""",0,4.44,Riverhead Books,Hardcover,372,2007,2007,,2020/07/03,to-read,to-read (#25),to-read,,,,0,0
17245,Dracula,Bram Stoker,"Stoker, Bram","Rubén Toledo, Nina Auerbach, David J. Skal","=""0393970124""","=""9780393970128""",0,4.02,Norton,Paperback,488,1986,1897,,2020/07/03,to-read,to-read (#24),to-read,,,,0,0
256683,"City of Bones (The Mortal Instruments, #1)",Cassandra Clare,"Clare, Cassandra",,"=""1416914285""","=""9781416914280""",0,4.07,Margaret K. McElderry Books,Hardcover,485,2007,2007,,2020/07/03,to-read,to-read (#23),to-read,,,,0,0
34084,"The Waste Lands (The Dark Tower, #3)",Stephen        King,"King, Stephen",Ned Dameron,"=""0670032565""","=""9780670032563""",4,4.25,Viking Adult,Hardcover,422,2003,1991,,2020/07/01,,,read,,,,1,0
5094,"The Drawing of the Three (The Dark Tower, #2)",Stephen        King,"King, Stephen",,"=""0451210859""","=""9780451210852""",3,4.24,Signet,Paperback,463,2003,1987,,2020/07/01,,,read,,,,1,0
157993,The Little Prince,Antoine de Saint-Exupéry,"Saint-Exupéry, Antoine de",Richard Howard,"=""0152023984""","=""9780152023980""",4,4.33,"Harcourt, Inc.",Hardcover,96,2000,1943,,2020/03/12,,,read,,,,1,0
4981,Slaughterhouse-Five,Kurt Vonnegut Jr.,"Jr., Kurt Vonnegut",,"=""0385333846""","=""9780385333849""",4,4.10,Dial Press,Paperback,275,1999,1969,,2020/03/12,,,read,,,,1,0
23692271,Sapiens: A Brief History of Humankind,Yuval Noah Harari,"Harari, Yuval Noah",,"=""""","=""""",4,4.35,Vintage,Paperback,512,2015,2011,,2020/03/12,,,read,,,,1,0
18144590,The Alchemist,Paulo Coelho,"Coelho, Paulo",,"=""0062315005""","=""9780062315007""",0,3.92,HarperOne,Paperback,182,2014,1988,,2020/03/12,,,read,,,,1,0
10256723,Ghost in the Wires: My Adventures as the World's Most Wanted Hacker,Kevin D. Mitnick,"Mitnick, Kevin D.","Steve Wozniak, William L. Simon","=""0316037702""","=""9780316037709""",4,3.96,"Little, Brown and Company",Hardcover,413,2011,2011,,2020/06/24,,,read,,,,1,0
40718726,Genghis Khan and the Making of the Modern World,Jack Weatherford,"Weatherford, Jack",,"=""""","=""""",0,4.06,Broadway Books,Kindle Edition,352,2018,2004,,2020/05/31,to-read,to-read (#22),to-read,,,,0,0
4406,East of Eden,John Steinbeck,"Steinbeck, John",,"=""0142000655""","=""9780142000656""",5,4.42,Penguin Books,Paperback,601,2002,1952,,2020/05/31,,,read,,,,1,0
3636,"The Giver (The Giver, #1)",Lois Lowry,"Lowry, Lois",,"=""0385732554""","=""9780385732550""",4,4.12,Ember,Paperback,208,2006,1993,,2020/03/12,,,read,,,,1,0
18114322,The Grapes of Wrath,John Steinbeck,"Steinbeck, John",,"=""067001690X""","=""9780670016907""",5,4.02,Viking,Hardcover,496,2014,1939,,2020/04/20,,,read,,,,1,0
17157681,"The Hobbit, Part One",J.R.R. Tolkien,"Tolkien, J.R.R.",David Wyatt,"=""0007926669""","=""9780007926664""",5,4.31,HarperCollins Children's Books,Paperback,230,2012,1937,,2020/04/20,,,read,,,,1,0
18135,Romeo and Juliet,William Shakespeare,"Shakespeare, William",,"=""0743477111""","=""9780743477116""",2,3.74,Washington Square Press,Mass Market Paperback,281,2002,1597,,2020/04/20,,,read,,,,1,0
8908,World War Z: An Oral History of the Zombie War,Max Brooks,"Brooks, Max",,"=""0307346609""","=""9780307346605""",4,4.02,Crown,Hardcover,342,2006,2006,,2020/03/12,,,read,,,,1,0
17690,The Trial,Franz Kafka,"Kafka, Franz","Max Brod, Willa Muir, Edwin Muir","=""""","=""""",0,3.95,Vintage,Paperback,255,2001,1925,,2020/03/12,to-read,to-read (#21),to-read,,,,0,0
7126,The Count of Monte Cristo,Alexandre Dumas,"Dumas, Alexandre",Robin Buss,"=""""","=""""",5,4.31,Penguin Classics,Paperback,1276,2003,1846,,2020/03/12,,,read,,,,1,0
7144,Crime and Punishment,Fyodor Dostoevsky,"Dostoevsky, Fyodor","David McDuff, Joseph Frank","=""""","=""""",0,4.28,Penguin,Paperback,671,2002,1866,,2020/03/12,to-read,to-read (#20),to-read,,,,0,0
64216,"Guards! Guards! (Discworld, #8; City Watch, #1)",Terry Pratchett,"Pratchett, Terry",,"=""0061020648""","=""9780061020643""",0,4.34,HarperTorch,Mass Market Paperback,376,2001,1989,,2020/03/12,to-read,to-read (#19),to-read,,,,0,0
12394068,A Street Cat Named Bob: How One Man and His Cat Found Hope on the Streets,James Bowen,"Bowen, James",Tine Verbič,"=""1444737090""","=""9781444737097""",0,3.98,Hodder & Stoughton,Hardcover,279,2012,2012,,2020/03/12,to-read,to-read (#18),to-read,,,,0,0
2715,Salt: A World History,Mark Kurlansky,"Kurlansky, Mark",,"=""0142001619""","=""9780142001615""",0,3.75,Penguin Books,Paperback,484,2003,2002,,2020/03/12,to-read,to-read (#17),to-read,,,,0,0
12067,"Good Omens: The Nice and Accurate Prophecies of Agnes Nutter, Witch",Terry Pratchett,"Pratchett, Terry",Neil Gaiman,"=""""","=""""",0,4.26,William Morrow Paperbacks,Mass Market Paperback,491,2006,1990,,2020/03/12,to-read,to-read (#16),to-read,,,,0,0
43615,"The Gunslinger (The Dark Tower, #1)",Stephen        King,"King, Stephen",,"=""1501143514""","=""9781501143519""",4,3.92,Plume,Paperback,231,2003,1982,,2020/03/12,,,read,,,,1,0
35031085,Frankenstein: The 1818 Text,Mary Wollstonecraft Shelley,"Shelley, Mary Wollstonecraft",Charlotte Gordon,"=""0143131842""","=""9780143131847""",4,3.88,Penguin Classics,Paperback,260,2018,1818,,2020/03/12,,,read,,,,1,0
10614,Misery,Stephen        King,"King, Stephen",,"=""0450417395""","=""9780450417399""",0,4.23,New English Library,Paperback,370,1988,1987,,2020/03/12,to-read,to-read (#15),to-read,,,,0,0
126232,"Jaws (Jaws, #1)",Peter Benchley,"Benchley, Peter",,"=""""","=""""",0,3.95,Random House,Hardcover,368,2005,1974,,2020/03/12,to-read,to-read (#14),to-read,,,,0,0
10592,Carrie,Stephen        King,"King, Stephen",,"=""1416524304""","=""9781416524304""",3,3.99,Pocket,Mass Market Paperback,272,2005,1974,,2020/03/12,,,read,,,,1,0
33124137,Pet Sematary,Stephen        King,"King, Stephen",,"=""""","=""""",4,4.07,Scribner,Kindle Edition,580,2014,1983,,2020/03/12,,,read,,,,1,0
11588,"The Shining (The Shining, #1)",Stephen        King,"King, Stephen",,"=""0450040186""","=""9780450040184""",0,4.28,New English Library (Hodder & Stoughton) ,Paperback,497,1980,1977,,2020/03/12,to-read,to-read (#13),to-read,,,,0,0
830502,It,Stephen        King,"King, Stephen",,"=""0450411435""","=""9780450411434""",4,4.24,New English Library,Paperback,1116,1987,1986,,2020/03/12,,,read,,,,1,0
8909,The War of the Worlds,H.G. Wells,"Wells, H.G.",Arthur C. Clarke,"=""0375759239""","=""9780375759239""",4,3.83,Random House Publishing Group,Paperback,192,2002,1898,,2020/03/12,,,read,,,,1,0
70535,"2001: A Space Odyssey (Space Odyssey, #1)",Arthur C. Clarke,"Clarke, Arthur C.",,"=""""","=""""",5,4.17,Roc,Paperback,297,2000,1968,,2020/03/12,,,read,,,,1,0
40604658,"Jurassic Park (Jurassic Park, #1)",Michael Crichton,"Crichton, Michael",,"=""0307763056""","=""9780307763051""",4,4.11,Ballantine Books,Kindle Edition,466,2012,1990,,2020/03/12,,,read,,,,1,0
350,Stranger in a Strange Land,Robert A. Heinlein,"Heinlein, Robert A.",James Warhola,"=""""","=""""",0,3.92,Ace,Paperback,525,1991,1961,,2020/03/12,to-read,to-read (#12),to-read,,,,0,0
4069,Man’s Search for Meaning,Viktor E. Frankl,"Frankl, Viktor E.","Harold S. Kushner, William J. Winslade, Isle Lasch","=""080701429X""","=""9780807014295""",5,4.38,Beacon Press,Paperback,165,2006,1946,,2020/03/12,,,read,,,,1,0
4865,How to Win Friends & Influence People,Dale Carnegie,"Carnegie, Dale",,"=""""","=""""",5,4.22,Gallery Books,Paperback,288,1998,1936,,2020/03/12,,,read,,,,1,0
4214,Life of Pi,Yann Martel,"Martel, Yann",,"=""0770430074""","=""9780770430078""",0,3.94,Seal Books,Paperback,460,2006,2001,,2020/03/12,to-read,to-read (#11),to-read,,,,0,0
10799,A Farewell to Arms,Ernest Hemingway,"Hemingway, Ernest",,"=""0099910101""","=""9780099910107""",0,3.82,Arrow Books,Paperback,293,2004,1929,,2020/03/12,to-read,to-read (#10),to-read,,,,0,0
46787,Uncle Tom’s Cabin,Harriet Beecher Stowe,"Stowe, Harriet Beecher",,"=""""","=""""",0,3.91,Wordsworth Classics,Paperback,438,1999,1852,,2020/03/12,to-read,to-read (#9),to-read,,,,0,0
58696,David Copperfield,Charles Dickens,"Dickens, Charles","Edward Killoran Brown, Jeremy Tambling, Phiz","=""""","=""""",0,4.04,Penguin ,Paperback,882,2004,1850,,2020/03/12,to-read,to-read (#8),to-read,,,,0,0
17250,The Crucible,Arthur Miller,"Miller, Arthur",Christopher W.E. Bigsby,"=""0142437336""","=""9780142437339""",3,3.61,Penguin Books,Paperback,143,2003,1946,,2020/03/12,,,read,,,,1,0
332613,One Flew Over the Cuckoo’s Nest,Ken Kesey,"Kesey, Ken",,"=""""","=""""",0,4.20,Signet,Mass Market Paperback,325,1963,1962,,2020/03/12,to-read,to-read (#7),to-read,,,,0,0
34,"The Fellowship of the Ring (The Lord of the Rings, #1)",J.R.R. Tolkien,"Tolkien, J.R.R.","Francis Ledoux, Maria Skibniewska","=""0618346252""","=""9780618346257""",5,4.40,Houghton Mifflin Harcourt,Paperback,398,2003,1954,,2020/03/12,,,read,,,,1,0
168668,Catch-22,Joseph Heller,"Heller, Joseph",,"=""0684833395""","=""9780684833392""",0,3.99,Simon & Schuster ,Paperback,453,2004,1961,,2020/03/12,to-read,to-read (#6),to-read,,,,0,0
24583,The Adventures of Tom Sawyer,Mark Twain,"Twain, Mark","Guy Cardwell, John Seelye, Mark Hallaq, Amanda Lee","=""""","=""9780143039563""",4,3.92,Penguin Classics,Paperback,244,2006,1876,,2020/03/12,,,read,,,,1,0
8852,Macbeth,William Shakespeare,"Shakespeare, William",,"=""0743477103""","=""9780743477109""",4,3.89,Simon & Schuster,Mass Market Paperback,249,2013,1623,,2020/03/12,,,read,,,,1,0
1622,A Midsummer Night’s Dream,William Shakespeare,"Shakespeare, William","Barbara A. Mowat, Paul Werstine, Alan Durband, Roma Gill, Catherine Belsey, A.R. Braunmuller","=""0743477545""","=""9780743477543""",3,3.94,Simon & Schuster,Mass Market Paperback,298,2016,1595,,2020/03/12,,,read,,,,1,0
295,Treasure Island,Robert Louis Stevenson,"Stevenson, Robert Louis",N.C. Wyeth,"=""0753453800""","=""9780753453803""",0,3.85,Kingfisher,Hardcover,352,2001,1882,,2020/03/12,to-read,to-read (#5),to-read,,,,0,0
1420,Hamlet,William Shakespeare,"Shakespeare, William","Harold Bloom, Rex Gibson, Israel Gollancz, Henry Norman Hudson, L.A. Sherman, Max J. Herzberg","=""0521618746""","=""9780521618748""",4,4.02,Cambridge University Press,Paperback,289,2005,1601,,2020/03/12,,,read,,,,1,0
2165,The Old Man and the Sea,Ernest Hemingway,"Hemingway, Ernest",,"=""0684830493""","=""9780684830490""",0,3.81,Scribner,Hardcover,96,1996,1952,,2020/03/12,to-read,to-read (#4),to-read,,,,0,0
5326,A Christmas Carol,Charles Dickens,"Dickens, Charles",Joe L. Wheeler,"=""1561797464""","=""9781561797462""",4,4.09,Bethany House Publishers ,Paperback,184,1999,1843,,2020/03/12,,,read,,,,1,0
2623,Great Expectations,Charles Dickens,"Dickens, Charles","Kate Flint, Margaret Cardwell","=""0192833596""","=""9780192833594""",0,3.80,Oxford University Press,Paperback,544,1998,1861,,2020/03/12,to-read,to-read (#3),to-read,,,,0,0
231804,The Outsiders,S.E. Hinton,"Hinton, S.E.",,"=""0670532576""","=""9780670532575""",4,4.13,Puffin Books (US/CAN),Mass Market Paperback,208,1997,1967,,2020/03/12,,,read,,,,1,0
13079982,Fahrenheit 451,Ray Bradbury,"Bradbury, Ray",,"=""""","=""""",5,3.96,Simon & Schuster,Kindle Edition,194,2011,1953,,2020/03/12,,,read,,,,1,0
890,Of Mice and Men,John Steinbeck,"Steinbeck, John",,"=""0142000671""","=""9780142000670""",5,3.89,Penguin Books,Paperback,107,2002,1937,,2020/03/12,,,read,,,,1,0
7624,Lord of the Flies,William Golding,"Golding, William",,"=""0140283331""","=""9780140283334""",5,3.70,Penguin Books ,Paperback,182,1999,1954,,2020/03/12,,,read,,,,1,0
40961427,1984,George Orwell,"Orwell, George",,"=""""","=""""",5,4.19,Houghton Mifflin Harcourt,Kindle Edition,298,2013,1949,,2020/03/12,,,read,,,,1,0
5107,The Catcher in the Rye,J.D. Salinger,"Salinger, J.D.",,"=""0316769177""","=""9780316769174""",4,3.80,Back Bay Books,Paperback,277,2001,1951,,2020/03/12,,,read,,,,1,0
5907,"The Hobbit, or There and Back Again (The Lord of the Rings, #0)",J.R.R. Tolkien,"Tolkien, J.R.R.","Douglas A. Anderson, Michael Hague, Jemima Catlin","=""""","=""""",5,4.29,Houghton Mifflin,Paperback,366,2002,1937,,2020/03/12,,,read,,,,1,0
960,"Angels & Demons (Robert Langdon, #1)",Dan    Brown,"Brown, Dan",,"=""1416524797""","=""9781416524793""",0,3.95,Pocket Books,Paperback,736,2006,2000,,2020/03/12,to-read,to-read (#2),to-read,,,,0,0
1885,Pride and Prejudice,Jane Austen,"Austen, Jane",Anna Quindlen,"=""""","=""""",0,4.29,Modern Library,Paperback,279,2023,1813,,2020/03/12,to-read,to-read (#1),to-read,,,,0,0
170448,Animal Farm,George Orwell,"Orwell, George","Russell Baker, C.M. Woodhouse","=""0451526341""","=""9780451526342""",5,4.00,Signet Classics,Mass Market Paperback,141,1996,1945,,2020/03/12,,,read,,,,1,0
4671,The Great Gatsby,F. Scott Fitzgerald,"Fitzgerald, F. Scott",,"=""0743273567""","=""9780743273565""",3,3.93,Scribner,Paperback,180,1925,1925,,2020/03/12,,,read,,,,1,0
2657,To Kill a Mockingbird,Harper Lee,"Lee, Harper",,"=""0060935464""","=""9780060935467""",5,4.26,Harper Perennial Modern Classics ,Paperback,323,2006,1960,,2020/03/12,,,read,,,,1,0
